username,password,name
janedoe456,S3cur3P@ss,Jane Doe
mikesmith789,P@ssw0rd123,Mike Smith
emilybrown987,Qwerty!456,Emily Brown
davidwilson321,Welcome@2024,David Wilson
sarahjones654,Pa$$w0rd!,Sarah Jones
chrisbrown876,P@ssw0rd!,Chris Brown
amandawhite234,Qwerty123!,Amanda White
matthewlee567,L3tMeIn!,Matthew Lee
laurasmith432,P@ssw0rd!,Laura Smith
alexgreen123,P@ssw0rd!,Alex Green
sophiewood789,WoodenDoors@456,Sophie Wood
danielbrown456,Br0wnSugar!,Daniel Brown
lisasmith789,P@ssword123!,Lisa Smith
kevinwilson321,HelloWorld2024,Kevin Wilson
jenniferjones654,SummerBreeze@1!,Jennifer Jones
michaelblack876,B1ackM@mba,Michael Black
emmaknight234,Kn1ghtTime!,Emma Knight
davidjohn567,JohnDoe@789,David John
jessicawhite432,SnowWh1te!,Jessica White
